Participant Number,What is the extent of technology’s involvement in the decision-making process at your organization?,I have found a meaningful career.,I view my work as contributing to my personal growth.,I understand how my work contributes to my life’s meaning.,I have a good sense of what makes my job meaningful.,I know my work makes a positive difference in the world.,My work helps me better understand myself.,I have discovered work that has a satisfying purpose.,My work helps me make sense of the world around me.,The work I do serves a greater purpose.,My job allows me to make a lot of decisions on my own.,The job requires the performance of a wide range of tasks.,The job itself is very significant and important in the broader scheme of things.,The job is arranged so that I can do an entire piece of work from beginning to end.,The job requires me to be creative.,The job requires a depth of knowledge and expertise.,The job requires me to use a number of complex or high-level skills.,I have the opportunity in my job to get to know other people.,"At my organization:

Procedures are designed to collect accurate information necessary for making decisions.",Procedures are designed to have all sides affected by the decision represented.,Standards are generated so that decisions can be made with consistency.,Concerns of all those affected by the decision are heard.,Useful feedback regarding the decision and its implementation is provided.,I am actively looking for a job outside of my organization.,I am seriously thinking about quitting my job.,Survey completion time in seconds,Age,Sex,Ethnicity simplified,Employment status
001,4,5,5,5,5,4,3,5,5,5,4,2,5,5,5,4,4,2,5,5,4,2,2,2,1,127,28,Female,White,Full-Time
002,2,2,2,2,2,2,2,2,2,2,2,2,4,2,2,2,2,2,2,2,2,2,2,4,4,80,28,Female,White,Full-Time
003,2,5,5,5,5,4,2,5,4,4,3,2,5,4,4,3,3,2,2,2,3,4,3,1,1,378,59,Male,White,Full-Time
004,4,3,4,4,3,3,3,4,4,3,2,2,4,4,3,4,5,2,2,2,2,1,2,3,3,363,59,Male,White,Part-Time
005,3,4,4,3,3,2,3,4,3,4,4,2,4,2,4,4,4,2,4,3,2,2,3,2,2,103,31,Female,White,Full-Time
006,1,3,3,3,2,2,3,3,2,2,2,2,2,2,4,4,3,2,1,2,2,2,3,5,5,89,32,Female,White,Part-Time
007,2,1,2,2,1,2,1,2,3,2,4,2,3,4,3,4,4,1,2,3,1,2,2,2,4,82,28,Female,White,Full-Time
008,2,2,2,2,2,2,3,2,3,1,2,4,2,2,2,4,2,2,4,3,3,2,2,5,3,139,36,Male,White,Full-Time
009,2,4,4,4,3,3,3,3,4,3,5,4,4,3,2,2,3,2,2,4,4,4,4,1,1,124,35,Female,White,Part-Time
010,5,2,1,4,2,2,1,2,4,4,1,2,4,1,4,1,1,2,4,3,4,3,2,3,3,120,18,Male,White,Part-Time
011,3,3,3,3,2,2,3,2,2,2,3,1,2,1,4,1,2,5,1,3,2,2,1,5,5,138,25,Female,Asian,Full-Time
012,2,2,2,3,3,2,4,2,2,2,1,4,5,2,4,4,4,4,2,2,2,4,2,3,2,99,26,Female,Asian,Part-Time
013,2,2,2,3,3,3,2,3,2,3,3,1,3,3,2,2,2,2,2,2,3,3,2,4,2,214,56,Male,White,Part-Time
014,4,3,2,2,2,3,2,3,3,3,2,2,3,2,2,2,3,1,3,3,2,4,3,3,3,180,26,Male,Asian,Full-Time
015,2,3,3,1,1,3,3,3,3,4,4,2,5,4,5,1,1,3,3,3,4,5,5,1,3,157,23,Male,White,Part-Time
016,2,4,2,4,2,2,2,2,3,2,2,1,4,3,2,3,3,1,2,2,2,2,2,1,4,186,24,Female,Asian,Part-Time
017,1,2,2,2,2,2,3,4,3,2,3,2,4,2,2,3,3,2,3,3,3,2,3,4,3,97,60,Female,White,Full-Time
018,4,2,3,2,2,2,3,2,3,2,1,2,2,3,2,1,1,1,2,2,2,2,2,4,4,135,29,Female,White,Part-Time
019,3,2,3,3,2,4,4,3,5,4,1,1,5,1,1,1,2,2,2,3,2,3,2,5,5,83,35,Male,White,Full-Time
020,5,1,1,1,1,1,1,1,2,1,1,2,4,1,1,1,1,1,1,1,1,1,1,5,5,205,57,Female,White,Part-Time
021,2,2,2,3,3,4,3,3,3,3,1,1,1,1,1,1,1,2,3,3,3,3,3,5,5,98,23,Male,White,Full-Time
022,3,4,3,4,5,3,3,5,4,5,1,1,3,4,1,2,2,3,4,3,3,3,2,3,4,98,32,Female,Mixed,Full-Time
023,4,1,2,3,2,1,3,2,2,2,1,2,3,2,2,2,2,3,2,3,2,2,3,5,5,82,30,Male,White,Full-Time
024,4,4,3,4,4,4,2,4,4,4,4,2,4,5,3,4,4,2,4,4,4,5,4,2,2,128,49,Male,White,Full-Time
025,2,1,1,1,2,2,2,2,2,4,2,1,2,1,2,2,4,1,2,2,1,4,4,5,5,199,63,Female,White,Part-Time
026,3,4,4,4,4,4,4,4,4,4,4,5,4,5,5,5,5,2,4,4,2,5,5,1,1,91,33,Male,White,Full-Time
027,3,2,2,2,1,2,2,2,2,2,1,2,2,3,4,2,3,3,2,2,1,2,2,4,4,59,22,Female,White,Part-Time
028,4,2,2,2,2,3,2,2,3,3,3,2,2,3,2,2,2,2,4,3,4,4,4,2,2,88,36,Female,Asian,Full-Time
029,5,4,4,4,4,3,5,5,4,4,4,3,4,4,5,4,4,4,2,3,3,3,2,2,1,92,51,Male,White,Full-Time
030,2,4,4,4,3,4,4,4,4,4,2,2,4,2,3,2,3,3,3,3,2,3,4,1,1,93,40,Female,White,Full-Time
031,3,1,1,1,1,1,2,1,2,1,2,1,1,3,1,1,1,1,1,3,2,2,2,5,3,114,48,Male,White,Full-Time
032,4,2,2,3,2,1,3,2,3,1,1,1,1,2,2,1,2,4,3,4,4,4,4,5,5,291,52,Female,Black,Full-Time
033,5,1,2,2,1,2,2,1,3,3,1,1,3,1,1,1,1,2,1,1,1,1,1,5,5,112,53,Male,White,Full-Time
034,2,1,1,2,2,2,2,2,3,2,1,1,3,2,2,1,2,4,1,2,2,1,2,5,5,113,29,Male,White,Full-Time
035,2,1,1,2,1,1,2,1,2,1,2,1,1,1,2,1,1,1,1,2,1,2,1,5,5,535,25,Female,White,Full-Time
036,3,1,1,1,1,1,1,1,1,1,2,2,2,4,2,2,2,1,1,1,1,2,2,5,5,122,44,Female,White,Full-Time
037,5,1,1,1,1,1,1,1,1,1,2,1,1,2,2,2,2,1,1,2,2,1,1,3,5,95,30,Female,White,Full-Time
038,5,4,4,4,1,4,2,4,1,3,1,1,4,2,2,2,1,2,1,4,2,4,2,1,2,126,33,Male,White,Full-Time
039,3,4,4,3,4,5,4,5,5,4,2,4,3,2,4,2,4,1,2,2,1,4,1,2,2,302,53,Male,Mixed,Part-Time
040,2,3,4,4,4,3,5,4,5,3,2,2,4,2,3,3,3,2,3,3,2,2,2,4,4,160,40,Female,White,Full-Time
041,1,3,4,4,4,5,4,4,4,5,5,1,5,1,1,1,1,3,1,4,4,5,4,3,3,121,35,Male,White,Part-Time
042,2,2,2,2,2,2,3,3,3,2,2,1,2,2,2,1,2,3,2,4,3,2,2,3,2,129,44,Male,White,Full-Time
043,4,1,1,1,1,1,1,1,1,1,1,1,1,1,2,1,1,1,1,1,1,1,1,5,5,447,58,Female,White,Full-Time
044,4,2,,3,,2,,2,2,3,2,3,4,2,2,3,4,2,3,3,2,2,2,4,4,156,21,Male,Asian,Part-Time
045,2,2,2,2,2,1,2,2,3,3,2,2,2,2,2,2,2,4,2,4,2,2,1,5,5,161,39,Female,White,Full-Time
046,2,2,2,2,2,2,4,3,3,2,3,3,2,4,4,3,3,4,3,3,2,4,3,3,3,88,32,Male,White,Full-Time
047,3,3,3,3,3,3,3,3,3,3,2,2,3,3,3,2,3,3,2,3,3,3,3,3,3,131,29,Male,Asian,Full-Time
048,2,2,2,2,2,2,2,2,2,2,2,2,2,2,2,2,2,2,2,2,3,2,2,4,4,497,42,Female,White,Full-Time
049,3,3,3,3,2,2,3,3,3,2,2,2,2,2,3,3,2,4,2,3,1,3,3,4,4,110,24,Female,Asian,Full-Time
050,4,2,2,2,2,2,2,2,2,2,2,2,2,4,4,1,1,2,2,2,2,4,2,4,4,72,33,Female,Asian,Full-Time
051,3,1,1,1,1,2,2,1,2,1,1,1,1,4,1,2,2,1,2,2,1,2,2,4,3,186,43,Male,White,Part-Time
052,3,1,1,2,2,2,2,1,2,1,2,2,2,3,2,2,2,1,2,3,2,3,2,4,4,283,53,Male,White,Full-Time
053,3,3,3,3,2,2,3,3,3,2,1,2,3,1,2,2,3,2,3,2,2,3,3,4,4,81,31,Male,White,Full-Time
054,1,1,1,1,1,1,1,1,3,2,1,2,1,4,1,,1,2,2,2,1,2,1,5,3,100,41,Male,White,Full-Time
055,2,2,2,3,2,2,2,2,3,3,2,2,3,4,2,2,2,2,2,2,2,2,2,4,3,85,31,Female,Mixed,Full-Time
056,2,5,4,5,3,4,4,5,5,5,2,2,4,4,2,4,4,5,4,4,3,3,3,2,2,92,31,Male,Black,Part-Time
057,5,2,2,2,2,1,2,2,2,1,3,2,2,5,1,2,2,2,2,2,2,3,3,5,5,84,23,Male,Other,Full-Time
058,2,2,2,3,2,2,1,2,4,3,2,1,4,5,2,1,1,1,2,2,3,1,2,5,5,279,36,Male,White,Full-Time
059,5,4,4,5,2,4,4,4,4,4,4,2,4,2,2,2,4,2,2,2,2,2,2,5,4,121,30,Male,White,Full-Time
060,2,3,2,3,3,3,4,3,3,2,3,2,2,3,3,1,1,3,2,3,2,3,3,5,5,78,40,Female,White,Part-Time
061,3,4,4,4,4,4,3,4,4,4,4,4,4,4,4,4,3,2,4,4,4,4,4,2,3,208,36,Female,White,Part-Time
062,3,2,2,2,2,3,2,2,3,3,1,2,3,1,2,2,2,2,1,2,2,2,2,5,5,86,35,Female,White,Part-Time
063,3,2,1,2,2,1,3,2,2,1,2,1,2,2,3,1,1,2,3,4,4,3,4,4,5,64,34,Male,Asian,Full-Time
064,3,4,4,4,4,4,4,4,4,4,4,4,4,3,3,4,4,2,3,3,2,4,4,2,2,152,42,Female,Black,Full-Time
065,5,2,1,1,2,3,3,1,3,3,2,2,4,4,2,1,3,1,2,3,3,2,3,5,5,84,22,Female,White,Full-Time
066,3,4,4,5,4,5,4,5,4,3,5,2,3,1,4,4,5,4,1,2,1,3,4,1,2,78,28,Female,Other,Full-Time
067,3,2,2,2,2,2,2,2,2,2,2,2,2,3,2,2,2,2,3,2,2,2,2,5,5,205,25,Male,Asian,Full-Time
068,3,4,3,3,2,2,2,3,3,3,2,2,4,4,4,4,5,1,4,2,2,3,4,5,5,89,25,Female,White,Part-Time
069,4,2,2,2,2,2,2,2,2,2,3,3,2,3,2,2,2,2,3,3,4,3,3,5,5,89,43,Male,Mixed,Full-Time
070,3,3,2,2,2,2,2,2,2,2,4,2,4,2,2,2,2,2,2,2,2,2,1,2,3,84,31,Female,White,Part-Time
071,5,2,3,3,2,3,3,3,2,3,1,1,2,3,2,1,2,1,3,3,3,3,3,4,4,198,31,Male,White,Full-Time
072,1,1,1,1,1,1,1,1,1,1,1,1,1,1,1,1,1,1,1,1,1,1,1,3,3,79,38,Male,White,Full-Time
073,3,3,2,4,3,2,2,3,2,3,2,1,2,3,3,2,1,2,1,3,1,4,3,3,3,154,25,Male,Other,Full-Time
074,4,4,4,4,5,4,4,5,4,4,2,3,4,2,4,2,2,1,2,4,2,4,3,2,2,320,24,Female,Black,Part-Time
075,3,4,4,2,2,3,2,4,2,3,1,3,3,3,4,2,3,3,1,1,1,1,3,5,4,74,33,Female,Asian,Full-Time
076,3,4,4,4,3,2,5,4,4,2,1,2,4,2,5,5,4,5,4,2,1,2,2,2,1,140,23,Male,White,Full-Time
077,1,4,4,4,4,3,5,5,5,5,5,5,3,2,4,2,2,5,1,1,1,2,2,1,1,94,34,Male,White,Full-Time
078,3,2,3,2,2,3,3,3,3,3,3,2,3,2,2,3,3,2,2,2,3,2,3,3,3,74,25,Male,Asian,Full-Time
079,3,4,4,3,4,4,4,5,4,3,2,2,4,5,2,2,2,1,2,2,2,2,2,3,3,227,42,Female,White,Part-Time
080,3,2,2,3,2,4,2,2,3,1,4,2,2,3,5,2,3,2,2,3,4,4,3,5,5,117,42,Male,White,Full-Time
081,2,2,1,2,2,3,1,3,2,3,2,1,2,3,1,1,1,1,2,4,3,4,2,2,2,83,32,Female,White,Full-Time
082,1,1,1,1,1,1,2,3,3,1,3,1,1,3,3,1,2,2,1,1,1,2,2,3,4,246,47,Female,Black,Part-Time
083,4,2,2,2,2,2,2,2,2,2,2,2,2,4,2,2,2,2,3,2,4,2,3,4,4,405,24,Male,White,Full-Time
084,3,2,2,2,2,2,2,2,2,1,2,2,2,3,3,2,3,1,3,3,1,2,2,4,3,94,40,Female,Black,Full-Time
085,3,4,2,2,2,2,2,2,3,3,2,4,3,2,1,1,2,4,2,2,1,2,2,4,5,209,47,Female,White,Full-Time
086,1,1,1,1,1,1,2,1,2,1,2,1,1,3,1,1,1,1,4,3,5,4,2,5,5,256,24,Male,Other,Full-Time
087,3,3,2,2,2,1,2,3,2,2,1,2,3,2,1,2,3,1,2,3,4,3,2,4,4,118,36,Male,White,Full-Time
088,5,3,4,4,2,2,4,3,4,3,4,4,2,2,4,2,4,2,2,4,3,3,3,4,4,464,22,Female,White,Part-Time
089,3,2,1,3,2,2,3,2,3,2,1,2,3,2,1,1,2,4,2,3,2,3,3,2,2,169,26,Male,White,Full-Time
090,4,4,3,2,4,3,4,2,2,3,2,2,3,2,2,4,2,3,2,1,2,2,2,3,4,424,48,Male,Black,Full-Time
091,5,2,2,2,1,3,2,2,3,2,3,2,3,2,2,2,2,2,4,4,5,3,3,3,3,454,34,Female,White,Full-Time
092,3,1,1,1,1,1,2,1,2,1,1,2,2,5,1,1,3,1,1,3,2,1,2,5,5,139,30,Female,Mixed,Full-Time
093,3,2,2,2,2,2,2,2,2,2,3,1,2,2,2,2,2,2,2,2,2,2,2,5,5,82,23,Female,White,Full-Time
094,3,3,2,2,2,2,2,2,2,2,2,2,2,3,2,2,3,2,2,2,2,2,2,4,4,179,59,Male,White,Full-Time
095,5,3,3,2,3,1,2,2,2,1,2,2,2,2,2,3,3,1,1,2,1,3,3,4,4,93,20,Male,White,Part-Time
096,1,2,2,2,2,2,2,2,2,2,2,2,2,3,2,2,2,2,2,2,2,3,2,2,4,96,46,Female,White,Part-Time
097,2,2,2,2,2,2,2,2,2,2,2,2,2,2,2,2,2,2,2,2,2,2,2,4,4,106,35,Female,Mixed,Part-Time
098,2,1,1,1,1,1,2,1,3,1,2,1,1,4,1,1,2,2,3,2,1,3,3,4,5,204,38,Male,White,Full-Time
099,1,2,1,2,2,3,4,2,4,4,2,2,2,2,4,1,3,2,1,2,2,1,2,4,4,71,37,Female,White,Part-Time
100,3,1,1,1,1,1,1,1,2,2,1,1,1,5,1,1,1,1,1,3,1,2,1,4,5,75,26,Male,Asian,Full-Time
101,3,3,4,3,3,3,4,2,4,4,3,2,4,2,5,3,3,2,1,3,2,3,2,5,5,118,29,Female,White,Full-Time
102,3,5,4,4,4,3,2,4,4,3,4,2,4,3,5,3,4,4,2,3,2,3,2,1,1,104,42,Female,White,Full-Time
103,4,3,2,2,2,3,3,3,2,3,1,2,3,4,2,3,3,1,2,2,3,2,2,3,4,181,27,Female,White,Full-Time
104,3,4,4,4,4,3,5,3,4,2,1,2,4,3,3,2,1,2,3,3,2,4,3,5,4,132,26,Female,Black,Full-Time
105,5,2,2,2,2,2,2,2,2,1,3,1,2,2,3,2,2,2,2,2,1,1,2,5,5,154,22,Female,White,Part-Time
106,4,2,2,3,3,3,3,2,4,3,1,2,3,1,4,2,3,3,2,2,2,2,2,5,5,147,34,Male,White,Full-Time
107,2,5,5,5,3,4,5,5,4,5,3,2,5,3,4,3,3,5,4,5,5,5,5,3,3,219,28,Female,White,Part-Time
108,1,2,2,2,2,1,2,2,2,2,2,2,2,2,2,2,2,2,2,2,3,2,1,1,1,87,36,Male,White,Part-Time
109,1,3,3,3,3,3,3,,3,3,2,2,3,3,3,2,2,4,3,3,3,3,2,3,3,135,30,Male,White,Part-Time
110,3,2,2,2,2,2,3,2,2,2,2,3,3,2,3,4,4,1,2,3,2,2,2,3,3,77,43,Female,White,Full-Time
111,5,2,3,2,2,3,2,3,2,2,2,5,4,2,4,4,5,5,3,3,2,3,3,2,5,97,40,Male,White,Full-Time
112,4,5,5,5,5,5,5,5,5,5,4,2,5,3,5,3,5,2,2,2,2,3,3,1,1,130,23,Female,Black,Full-Time
113,5,2,2,2,2,2,2,3,3,2,3,2,2,2,2,2,2,2,3,3,2,2,2,3,4,173,62,Female,White,Full-Time
114,1,3,2,3,3,2,2,2,2,2,3,2,2,2,3,3,3,2,2,3,3,2,3,3,1,106,30,Female,White,Part-Time
115,3,2,2,2,2,2,2,2,2,2,2,2,2,3,3,2,2,2,2,2,2,2,2,3,4,111,27,Female,Asian,Full-Time
116,2,5,4,4,4,4,4,4,4,4,5,4,4,4,4,5,4,2,4,4,4,5,5,2,2,168,24,Male,Black,Full-Time
117,2,2,2,2,2,3,1,2,2,1,1,3,1,3,3,1,1,1,1,2,3,3,2,4,4,491,34,Male,White,Full-Time
118,3,3,2,2,3,3,2,2,3,3,4,4,4,4,2,2,3,2,3,3,3,4,3,4,3,71,21,Male,White,Part-Time
119,4,1,2,2,1,1,2,2,2,1,1,1,1,4,1,1,1,1,2,4,2,4,4,5,5,87,26,Prefer not to say,Mixed,Part-Time
120,4,2,2,2,2,2,2,2,2,2,3,2,1,2,2,2,2,3,2,2,1,2,3,4,4,217,29,Female,White,Full-Time
121,2,2,2,2,2,2,2,2,2,2,2,2,2,2,3,2,2,2,2,2,2,2,2,4,4,106,39,Male,White,Full-Time
122,4,3,2,3,3,2,3,2,3,2,3,4,3,2,2,4,4,1,3,3,3,3,2,2,5,131,32,Female,Other,Part-Time
123,3,4,4,4,3,3,4,4,4,4,4,4,4,2,4,2,4,2,2,2,2,3,2,4,4,173,28,Male,Asian,Part-Time
124,2,3,2,2,2,2,2,3,2,3,1,4,4,2,4,5,5,2,2,2,2,3,3,1,1,188,51,Female,White,Part-Time
125,2,4,2,2,2,2,2,2,2,2,2,1,2,2,2,4,4,2,2,1,2,2,2,2,1,105,26,Male,White,Part-Time
126,2,2,2,2,2,2,2,2,2,2,2,3,2,4,3,2,2,2,1,2,2,2,2,3,3,106,26,Male,White,Part-Time
127,3,4,3,4,4,4,2,4,4,5,4,2,5,2,4,2,4,2,4,4,3,2,3,4,3,86,38,Male,White,Full-Time
128,2,2,2,1,2,2,3,1,2,3,2,2,4,1,1,2,2,2,1,1,1,1,1,5,5,138,39,Male,White,Full-Time
129,5,3,4,3,3,3,4,4,3,3,5,1,3,5,3,1,2,2,4,3,3,2,3,1,1,77,25,Male,White,Full-Time
130,4,3,3,3,3,4,4,4,4,4,3,2,4,3,2,2,3,2,4,4,4,3,3,2,2,84,29,Female,Mixed,Full-Time
131,,3,3,3,3,1,3,3,3,1,5,4,3,5,5,5,5,3,5,5,5,5,5,5,5,139,23,Male,Other,Part-Time
132,2,2,2,4,2,3,2,2,3,3,1,1,3,1,2,2,2,4,1,2,2,2,2,4,4,105,30,Male,White,Part-Time
133,2,2,2,2,2,2,2,2,2,2,3,2,2,4,2,2,2,1,2,2,2,3,2,4,4,113,30,Female,Other,Part-Time
134,2,4,2,3,2,2,4,4,4,3,3,2,4,2,3,3,3,4,3,2,1,3,2,2,2,192,39,Male,White,Full-Time
135,3,3,2,3,3,2,3,4,4,4,3,2,4,3,4,4,3,2,3,3,2,3,3,4,4,295,61,Male,White,Full-Time
136,4,4,5,5,5,2,5,3,5,5,4,4,5,2,1,4,4,2,2,1,2,1,1,2,3,838,30,Male,Asian,Full-Time
137,3,2,2,2,2,1,2,3,2,1,3,2,2,3,2,2,2,3,2,2,2,3,3,4,4,92,23,Male,Black,Part-Time
138,2,3,2,2,2,2,2,2,2,1,1,1,1,3,1,1,2,2,2,2,2,2,2,3,3,185,39,Male,White,Full-Time
139,2,2,2,2,1,2,2,2,2,2,3,2,2,3,4,1,2,1,2,2,2,2,2,4,4,91,40,Female,White,Full-Time
140,5,4,3,2,3,3,4,4,4,3,5,3,5,5,5,5,5,5,3,3,1,3,2,2,4,91,24,Female,White,Part-Time
141,2,1,2,2,2,1,2,2,3,1,1,1,2,1,2,1,1,2,2,2,2,2,2,5,5,65,32,Male,White,Part-Time
142,2,1,1,2,2,2,2,1,2,2,1,1,2,2,1,1,1,2,1,2,2,2,2,5,5,57,27,Male,White,Full-Time
143,2,2,2,2,2,2,2,2,3,2,2,1,2,3,4,2,2,2,1,2,2,2,2,4,5,569,37,Female,White,Full-Time
144,4,2,2,3,2,4,3,3,3,3,2,2,4,4,4,1,2,1,2,2,2,2,2,4,4,75,28,Male,White,Full-Time
145,3,1,1,1,1,1,1,1,2,1,4,2,2,1,2,2,3,1,2,2,1,2,2,4,4,143,48,Female,White,Part-Time
146,2,2,2,2,2,2,2,2,2,1,2,2,2,4,2,2,2,2,2,2,2,2,2,4,4,106,22,Female,White,Part-Time
147,2,3,3,3,2,2,2,2,2,2,3,2,2,2,4,1,1,1,2,2,1,2,1,2,5,92,34,Female,White,Full-Time
148,3,3,2,5,2,4,5,3,2,5,2,2,5,2,2,4,5,3,2,3,2,4,4,4,4,608,34,Male,Mixed,Full-Time
149,3,2,1,2,2,2,2,2,2,2,1,1,2,2,2,1,1,1,3,3,2,2,2,4,4,186,30,Male,White,Full-Time
150,4,1,1,1,1,1,1,1,4,1,1,1,1,5,1,1,1,1,2,4,1,4,2,5,5,77,23,Female,Asian,Full-Time
151,1,3,2,2,3,4,2,3,3,2,3,1,2,2,2,2,2,1,2,2,1,2,2,4,4,378,29,Male,White,Part-Time
152,4,4,4,4,3,3,4,4,4,4,3,3,3,4,4,4,4,3,4,4,4,4,4,1,1,97,23,Female,White,Part-Time
153,5,4,2,3,2,3,3,3,5,4,4,2,5,2,4,4,4,1,2,5,1,5,5,4,5,64,31,Female,White,Full-Time
154,2,2,2,2,2,1,2,2,2,2,2,2,3,2,2,2,2,2,2,3,2,2,2,3,4,404,21,Male,White,Part-Time
155,4,3,4,4,3,3,4,4,4,2,2,2,2,2,2,1,2,2,2,2,2,2,2,4,4,211,64,Female,White,Full-Time
156,4,5,5,5,5,3,5,5,5,5,2,2,5,2,5,2,5,2,3,4,4,5,3,1,1,204,35,Female,Black,Part-Time
157,1,5,5,5,5,3,4,4,4,4,4,2,4,3,2,2,3,2,4,4,2,3,2,1,1,206,39,Female,Mixed,Full-Time
158,1,2,2,2,1,1,1,1,1,1,4,1,1,1,2,1,1,1,1,4,4,4,4,2,2,120,26,Male,Mixed,Full-Time
159,2,2,2,2,2,2,2,2,2,2,3,3,3,2,3,2,3,2,2,2,2,3,3,4,4,189,36,Male,White,Full-Time
160,2,4,4,3,2,2,5,2,4,4,5,2,5,2,5,3,5,2,2,2,1,5,4,3,3,215,25,Male,White,Full-Time
161,2,4,4,5,4,4,4,4,4,4,3,2,4,2,2,2,1,2,2,3,2,3,4,3,2,113,37,Female,Asian,Part-Time
162,1,2,2,3,2,3,2,2,2,3,2,2,2,2,1,2,2,4,3,3,3,2,2,5,5,252,23,Female,White,Full-Time
163,1,5,4,4,4,4,4,4,4,4,4,1,4,1,2,2,2,2,2,2,2,2,2,2,2,70,30,Female,White,Full-Time
164,4,1,1,1,1,1,2,1,2,1,2,3,1,2,3,1,1,1,2,2,1,2,2,5,5,109,30,Male,Mixed,Full-Time
165,2,2,2,2,2,2,2,3,3,2,3,1,2,5,2,1,1,2,1,2,3,3,3,4,5,147,29,Male,Asian,Full-Time
166,3,4,4,5,5,5,3,5,4,5,2,2,5,2,1,3,3,4,2,3,2,2,3,1,1,789,44,Male,White,Full-Time
167,2,2,2,2,2,2,3,5,2,2,3,3,2,2,1,2,2,2,2,3,2,2,2,3,3,340,34,Female,White,Full-Time
168,3,1,2,2,2,2,3,2,2,2,2,4,2,1,4,2,4,2,2,2,2,2,2,5,5,107,43,Male,Other,Full-Time
169,2,1,2,2,1,1,2,2,2,1,2,2,2,2,1,1,2,2,2,3,1,2,1,3,4,199,37,Male,White,Full-Time
170,3,1,1,1,1,1,1,1,1,1,1,1,1,2,1,3,2,1,2,3,3,2,2,5,5,307,43,Female,Black,Part-Time
171,3,1,2,2,2,3,3,3,3,3,2,2,2,1,3,1,1,3,3,3,3,2,2,5,4,109,32,Female,Black,Part-Time
172,2,2,2,3,3,3,2,2,3,3,3,3,3,3,3,3,3,3,3,3,3,3,3,3,4,91,55,Female,Mixed,Full-Time
173,3,2,2,2,2,2,2,3,3,2,2,2,3,4,3,2,4,2,2,2,2,2,2,2,2,112,27,Male,Asian,Part-Time
174,3,5,4,3,5,2,5,5,2,3,1,2,2,3,4,2,2,5,1,2,2,3,,4,2,150,66,Male,Black,Full-Time
175,3,4,4,4,4,4,5,5,4,5,2,2,4,3,3,4,4,5,2,3,3,3,3,4,4,128,28,DATA_EXPIRED,White,Part-Time
176,3,4,3,4,4,2,4,3,4,2,2,3,2,1,2,5,4,5,2,3,4,5,5,4,2,96,40,Male,Asian,Full-Time
177,4,4,2,3,3,4,2,4,2,4,1,2,4,3,2,4,3,1,3,2,2,4,2,2,3,118,30,Male,White,Full-Time
178,2,1,2,2,2,2,1,2,2,2,2,2,3,2,2,2,2,2,2,2,3,2,2,4,4,119,30,Male,Asian,Full-Time
179,3,2,1,2,2,1,2,2,3,2,1,3,2,2,1,2,3,2,4,3,2,1,2,4,5,74,31,Male,White,Full-Time
180,2,2,1,1,2,1,1,1,1,1,1,1,2,1,1,2,2,1,1,1,2,1,1,3,5,101,39,Female,White,Full-Time
181,3,4,3,4,4,4,4,4,4,4,3,2,4,2,3,3,4,2,2,2,2,2,3,4,4,134,25,Male,White,Part-Time
182,3,1,1,1,1,1,1,1,1,1,2,1,1,2,3,2,2,1,1,1,1,1,1,5,5,486,33,Female,White,Full-Time
183,5,5,4,4,4,5,2,5,4,5,2,3,5,1,2,2,4,1,3,3,4,5,5,2,2,57,36,Female,Asian,Part-Time
184,3,5,2,2,4,4,2,2,4,4,2,1,4,4,2,4,4,2,2,2,2,4,4,1,1,206,53,Male,Other,Full-Time
185,3,2,2,2,2,2,2,2,2,1,3,3,3,3,2,2,3,2,2,2,2,2,2,2,5,54,22,Female,Black,Full-Time
186,1,4,2,2,2,3,4,4,4,4,4,2,3,2,4,2,2,2,2,3,2,5,4,1,1,98,30,Female,White,Part-Time
187,5,4,5,5,5,5,5,5,5,5,1,2,5,3,3,2,2,1,3,3,3,1,2,5,5,116,27,Female,White,Part-Time
188,2,5,3,1,1,5,3,5,3,5,2,2,5,5,2,2,2,1,2,3,3,3,2,1,1,57,27,Female,Asian,Part-Time
189,3,5,5,5,5,5,5,5,5,5,1,2,5,2,4,1,2,2,4,5,2,5,5,2,2,84,31,Female,White,Full-Time
190,3,3,3,4,3,4,3,3,4,2,2,4,5,2,2,3,4,2,2,3,2,1,1,4,4,77,37,Female,White,Part-Time
191,2,3,2,3,2,3,3,3,4,2,3,2,2,2,4,2,2,2,2,2,2,2,2,3,4,98,27,Female,White,Full-Time
192,2,2,3,4,3,3,4,3,4,3,2,2,3,2,3,1,1,2,3,2,2,2,2,4,4,168,33,Male,White,Full-Time
193,2,3,3,2,2,2,3,3,4,4,5,2,3,2,4,2,2,1,2,4,2,4,4,3,3,107,31,Female,Mixed,Full-Time
194,3,3,2,2,2,3,2,1,4,2,3,1,4,2,4,2,4,1,2,3,3,4,3,2,3,85,26,Female,White,Full-Time
195,2,4,4,2,3,3,2,3,2,2,2,2,2,2,4,3,3,2,3,2,2,2,2,3,1,110,33,Male,Mixed,Full-Time
196,4,2,3,3,2,1,3,2,3,2,1,1,3,2,2,1,1,1,1,2,2,1,2,5,5,190,32,Male,Black,Full-Time
197,3,2,2,2,2,2,2,2,2,2,2,2,2,2,2,2,3,2,3,3,2,3,2,4,4,166,27,Female,White,Full-Time
198,2,1,1,1,1,1,1,1,2,1,1,1,1,1,2,1,2,1,1,1,1,2,1,5,5,211,55,Male,White,Full-Time
199,3,4,3,3,4,4,3,3,4,4,2,2,5,2,2,3,4,1,2,2,3,3,3,4,3,75,37,Female,Asian,Full-Time
200,3,2,2,2,2,3,3,2,3,2,3,1,3,2,2,2,2,1,2,2,1,3,2,3,4,217,54,Male,White,Full-Time
201,4,1,1,1,2,3,2,2,2,3,1,1,3,2,1,2,2,5,3,3,2,2,4,5,5,113,38,Female,White,Part-Time
202,3,4,4,4,4,4,3,4,4,4,3,2,3,4,3,3,2,4,2,2,2,2,3,4,4,832,37,Male,White,Full-Time
203,4,2,2,2,2,2,2,2,4,2,2,4,4,3,2,2,2,4,3,3,3,4,4,5,5,145,42,Female,White,Part-Time
204,5,1,1,2,1,2,2,1,2,1,3,1,1,1,2,1,1,1,2,2,1,3,1,4,4,76,23,Male,White,Part-Time
205,2,3,3,3,2,2,3,2,2,2,2,2,2,3,3,2,2,2,2,2,2,2,2,4,4,115,58,Female,White,Part-Time
206,2,2,2,3,2,3,2,2,3,3,1,2,4,2,1,2,2,4,3,2,2,2,2,4,5,64,24,Male,White,Full-Time
207,2,3,3,2,4,2,4,3,4,3,2,1,2,3,3,2,3,2,2,1,2,2,1,3,3,805,30,Male,White,Part-Time
208,2,2,2,2,2,2,2,2,2,2,2,2,2,2,2,2,1,3,2,3,2,3,3,4,4,145,58,Female,White,Full-Time
209,1,2,1,1,1,2,2,1,3,1,3,2,1,1,2,3,3,1,1,1,1,1,1,4,5,99,29,Female,White,Full-Time
210,2,3,2,2,2,3,3,2,4,4,1,1,4,2,2,3,2,1,1,1,1,2,2,2,2,81,36,Female,Asian,Part-Time
211,3,4,4,4,4,4,4,4,4,4,4,4,4,5,4,4,4,4,3,3,2,4,4,2,2,74,24,Male,Asian,Part-Time
212,1,1,1,1,1,1,1,1,1,2,1,2,3,1,1,1,1,1,1,1,1,1,1,5,5,119,47,Female,White,Part-Time
213,4,4,4,3,2,3,4,4,3,5,2,1,3,2,4,3,4,5,2,3,1,3,2,2,3,103,-1,Male,White,Full-Time
214,3,3,3,2,2,2,4,3,3,3,1,4,3,1,5,2,2,5,4,4,4,5,4,4,4,162,79,Male,White,Full-Time
215,2,4,4,3,2,4,2,4,4,3,2,2,4,2,4,1,1,2,2,3,3,4,4,5,5,134,45,Female,White,Full-Time
216,2,2,2,2,1,3,2,1,2,1,1,1,1,2,3,2,2,3,2,2,2,2,3,4,4,186,65,Female,White,Part-Time
217,4,3,2,2,2,2,2,2,2,2,2,1,3,3,1,2,2,2,4,4,2,4,2,2,3,,CONSENT_REVOKED,CONSENT_REVOKED,CONSENT_REVOKED,CONSENT_REVOKED
218,2,1,1,1,1,2,1,1,1,2,1,2,2,1,1,2,2,1,1,1,1,1,1,5,5,226,46,Female,White,Full-Time
219,3,2,2,2,2,3,3,3,2,2,1,1,2,1,4,1,2,2,1,1,1,2,2,5,3,80,26,Female,Black,Full-Time
220,3,2,2,3,2,2,2,2,4,2,1,1,2,2,2,2,1,1,2,2,2,3,3,4,3,100,29,Female,White,Full-Time
221,2,2,3,3,2,2,3,2,3,2,2,1,1,1,1,2,2,2,2,2,2,2,2,3,4,189,65,Female,White,Full-Time
222,3,2,1,1,1,2,2,2,3,1,2,1,3,4,2,1,1,3,2,3,2,3,3,5,5,93,36,Male,White,Full-Time
223,1,1,2,2,1,2,2,1,3,1,1,2,1,2,2,1,1,1,2,1,1,2,1,2,3,104,38,Male,Asian,Full-Time
224,3,2,2,2,2,1,2,1,2,2,1,1,3,3,1,2,3,1,4,2,2,2,2,5,5,78,27,Female,White,Full-Time
225,2,1,1,1,1,1,1,1,1,1,2,2,1,3,2,2,2,1,2,2,1,1,1,1,5,81,26,Male,Asian,Full-Time
226,1,3,3,3,2,3,4,4,3,4,2,4,3,2,4,3,4,5,3,4,3,3,4,3,4,112,44,Male,White,Full-Time
227,3,4,3,4,3,4,4,4,3,5,2,3,5,2,4,4,4,1,2,2,2,1,2,3,3,94,31,Female,White,Full-Time
228,3,1,2,2,2,1,2,,2,1,2,2,1,4,2,1,2,1,2,2,1,3,2,4,4,129,36,Male,White,Full-Time
229,3,4,3,2,3,2,2,3,2,2,3,1,4,3,4,3,4,2,2,2,2,3,3,3,3,130,39,Female,Asian,Part-Time
230,5,2,2,2,2,2,1,2,2,3,2,1,2,3,2,2,2,1,2,2,2,2,3,4,5,152,48,Male,White,Full-Time
231,2,3,3,2,2,3,3,2,4,3,3,2,4,1,2,2,3,2,1,2,2,3,2,1,1,85,55,Female,White,Full-Time
232,3,4,4,5,4,3,4,5,5,2,4,1,4,5,4,1,1,5,4,5,5,5,5,1,1,196,37,Male,White,Part-Time
233,3,3,4,4,2,3,4,3,4,4,4,2,4,2,5,2,2,4,2,2,2,2,2,3,3,133,20,Male,White,Part-Time
234,2,3,4,4,3,2,4,3,4,3,2,1,4,1,2,1,1,2,2,2,2,3,2,1,2,111,37,Male,White,Full-Time
235,4,3,3,4,3,2,3,4,4,3,2,2,1,4,2,2,2,1,2,2,2,3,4,1,1,268,31,Male,White,Part-Time
236,2,1,1,2,1,2,1,1,2,1,3,2,2,1,4,3,3,2,1,1,1,3,2,5,5,168,26,Female,Black,Full-Time
237,2,2,1,1,1,1,1,1,1,1,1,1,1,1,1,1,1,1,1,1,1,1,1,5,5,251,58,Female,White,Part-Time
238,3,3,3,3,2,3,3,3,4,3,2,3,3,2,2,2,3,4,2,3,2,2,3,5,5,107,42,Female,White,Full-Time
239,4,4,3,4,4,4,3,3,4,5,2,3,4,2,4,2,3,2,4,4,3,3,3,2,3,226,32,Female,Mixed,Full-Time
240,3,1,1,1,1,1,1,1,2,1,3,2,1,3,2,3,4,1,3,4,3,2,3,5,5,106,31,Female,White,Full-Time
241,3,2,2,1,1,3,2,3,2,2,2,2,2,3,2,2,2,2,2,2,2,2,2,2,2,115,39,Female,White,Full-Time
242,4,3,2,3,3,2,3,2,2,2,3,2,2,3,2,2,3,2,4,4,5,2,3,2,2,150,57,Female,White,Full-Time
243,4,3,3,3,2,3,4,3,3,2,3,3,3,3,4,2,4,3,3,3,2,3,3,2,2,264,62,Male,White,Full-Time
244,3,2,2,2,2,2,2,2,2,2,1,4,2,1,4,4,4,2,2,1,2,2,2,4,2,107,23,Female,White,Part-Time
245,2,2,3,2,2,1,2,2,2,2,2,4,2,4,4,1,1,2,1,1,1,3,3,4,4,121,53,Female,White,Full-Time
246,4,1,1,1,1,1,1,1,1,1,1,1,1,1,1,1,1,2,2,2,1,1,2,4,5,122,37,Female,White,Full-Time
247,1,2,2,2,2,2,2,2,2,2,2,2,2,,1,1,2,1,1,2,2,2,2,4,4,106,28,Male,Other,Full-Time
248,3,2,3,3,3,2,3,3,4,3,2,2,2,2,2,1,3,2,3,3,1,2,2,4,4,80,40,Male,White,Full-Time
249,3,2,2,3,2,3,3,2,4,3,3,3,4,3,2,3,4,2,2,2,2,2,2,5,5,184,41,Female,White,Part-Time
250,2,2,2,1,1,2,3,2,4,3,4,2,4,2,2,3,4,1,2,2,2,2,2,5,5,253,24,Female,White,Full-Time
251,2,3,2,2,2,3,2,3,2,2,1,1,3,3,1,2,2,3,2,2,3,2,2,3,3,1050,24,Female,Asian,Full-Time
252,3,2,2,2,1,1,2,1,2,1,2,2,2,2,2,2,2,1,2,2,2,2,2,5,5,86,33,Male,White,Full-Time
253,1,2,1,2,1,2,1,2,3,3,1,1,2,1,3,1,1,2,2,2,1,3,2,5,5,255,63,Female,White,Full-Time
254,4,4,4,4,4,4,2,4,4,4,4,2,4,4,4,4,5,2,4,4,4,4,4,1,1,86,26,Male,Asian,Full-Time
255,2,2,2,2,2,1,2,2,1,1,1,2,2,2,3,2,2,1,1,1,2,2,1,3,3,81,26,Female,White,Full-Time
256,2,3,4,3,2,2,4,3,4,3,2,4,3,2,5,3,3,4,2,2,2,2,2,4,4,185,34,Female,White,Full-Time
257,3,1,1,1,1,2,2,1,1,1,1,1,2,1,1,1,1,3,2,2,3,1,2,5,5,173,31,Female,White,Full-Time
258,3,1,1,2,1,1,2,1,3,1,2,1,2,1,1,1,1,1,3,4,4,5,5,5,5,777,41,Male,Black,Full-Time
259,2,2,1,2,2,2,2,1,2,2,3,1,2,3,2,1,3,1,2,3,2,2,3,5,5,87,41,Male,White,Full-Time
260,2,2,2,2,2,2,3,2,3,2,2,3,3,2,4,3,4,4,3,3,2,3,3,4,4,103,50,Female,White,Full-Time
261,4,2,3,2,2,2,1,2,3,2,4,2,4,4,3,2,4,1,2,3,2,2,3,4,4,433,36,Male,White,Part-Time
262,2,1,1,1,2,2,,1,2,4,2,1,4,2,1,2,4,4,2,2,2,1,3,5,5,82,47,Female,White,Full-Time
263,2,4,2,1,2,2,1,2,,1,2,2,1,3,2,1,2,3,2,2,3,2,3,1,1,194,27,Male,White,Full-Time
264,2,2,3,3,2,2,2,2,1,3,1,1,1,1,3,3,3,2,2,2,1,1,2,3,3,78,49,Female,White,Full-Time
265,4,2,2,3,2,3,2,2,3,4,1,1,3,1,2,2,2,3,1,1,1,1,1,3,2,88,35,Female,White,Full-Time
266,2,2,2,3,2,3,2,2,3,4,4,2,5,2,4,1,2,2,1,2,1,2,1,5,5,90,27,Male,White,Full-Time
267,5,1,2,2,2,2,2,2,2,2,2,1,2,2,2,2,1,2,1,1,1,1,1,4,4,100,38,Male,White,Full-Time
268,1,4,4,5,4,4,5,5,5,4,2,2,5,2,2,2,2,1,4,4,4,4,4,1,1,61,20,Male,White,Part-Time
269,3,2,2,2,2,1,2,2,3,2,2,1,3,4,3,2,2,1,2,1,2,2,2,5,5,55,21,Female,White,Part-Time
270,2,1,2,2,2,2,2,2,2,2,2,2,2,2,2,3,3,1,2,2,2,2,2,5,5,1099,37,Male,Mixed,Full-Time
271,3,2,2,2,2,2,2,2,2,2,2,2,2,2,2,2,2,2,2,2,2,2,2,2,4,173,57,Female,Black,Full-Time
272,2,2,2,2,2,3,2,2,3,3,2,2,4,2,2,1,1,2,1,2,1,2,1,4,4,141,22,Female,White,Full-Time
273,3,2,2,2,2,2,2,2,2,2,2,2,2,2,2,2,2,2,2,2,2,4,4,4,4,56,27,Male,Asian,Full-Time
274,3,1,1,2,1,1,1,1,4,1,4,4,3,1,2,3,5,5,2,3,1,1,1,4,5,142,26,Female,White,Full-Time
275,4,3,4,3,3,2,2,4,4,3,2,2,4,4,2,2,2,4,4,4,2,3,3,4,4,428,38,Female,White,Full-Time
276,4,3,4,4,4,4,4,4,4,3,4,2,5,5,5,5,5,4,2,3,2,5,3,1,1,81,24,Female,White,Full-Time
277,5,2,2,3,3,2,2,3,4,4,1,1,4,2,1,1,2,1,3,2,4,2,2,3,3,318,48,Male,Black,Full-Time
278,2,4,2,2,2,2,3,4,4,4,4,2,4,2,4,2,4,2,1,1,1,1,1,2,2,346,36,Male,Other,Full-Time
279,2,3,4,4,2,2,2,3,3,3,3,2,2,2,3,1,2,2,4,3,3,3,3,1,2,166,20,Female,White,Part-Time
280,2,2,1,1,2,2,3,3,3,2,3,1,2,2,1,1,1,3,1,1,1,1,1,4,5,114,36,Female,White,Full-Time
281,3,4,4,2,2,3,3,4,4,4,4,4,4,4,4,4,4,4,3,2,3,2,2,2,3,149,60,Male,White,Full-Time
282,1,3,4,4,5,4,4,4,4,5,1,2,5,1,4,1,4,2,1,1,1,2,2,2,1,110,56,Female,Mixed,Part-Time
283,1,2,2,2,2,2,2,2,2,2,2,2,2,2,2,2,1,2,2,2,2,2,2,4,4,133,29,Female,Asian,Full-Time
284,4,3,2,3,2,2,2,2,2,2,3,2,3,2,2,2,2,1,3,3,2,3,2,5,4,114,50,Male,White,Full-Time
285,2,2,2,2,2,2,2,2,2,2,1,2,3,1,1,1,2,2,1,1,1,1,1,3,3,139,32,Male,Black,Full-Time
286,3,2,2,2,2,2,2,2,3,3,2,3,2,2,3,2,3,2,2,2,2,3,3,4,4,629,53,Male,White,Full-Time
287,1,4,5,5,5,5,4,4,4,5,5,2,,1,1,2,2,5,1,1,1,1,1,1,1,553,22,Female,Asian,Part-Time
288,3,3,3,2,2,2,2,2,1,1,2,3,2,2,2,2,2,2,3,3,2,4,2,2,2,165,32,Female,White,Full-Time
289,4,1,2,1,2,1,2,1,2,2,1,1,2,2,1,1,1,2,2,2,2,2,2,5,5,55,29,Female,White,Full-Time
290,4,2,3,2,2,3,4,3,2,2,2,1,2,1,2,1,1,1,1,1,1,2,3,5,5,117,20,Male,White,Part-Time
291,2,2,2,2,2,2,2,2,2,2,2,2,2,4,2,2,2,2,2,2,2,2,2,3,3,169,62,Male,White,Full-Time
292,4,4,4,4,4,5,4,5,4,5,5,4,5,4,4,2,5,4,4,4,4,4,4,1,1,62,23,Male,Other,Part-Time
293,1,3,2,2,2,3,2,3,3,3,2,1,1,3,2,1,1,1,1,2,2,2,2,3,1,120,45,Female,White,Part-Time
294,2,2,2,2,2,2,3,2,3,2,2,1,2,2,2,2,3,1,2,2,1,3,2,4,4,121,40,Male,White,Full-Time
295,3,3,2,2,2,2,2,2,4,4,2,2,4,4,2,1,3,2,2,3,2,2,2,5,4,143,51,Female,White,Full-Time
296,4,5,4,4,4,4,4,5,4,4,3,3,3,2,4,4,4,3,2,2,2,2,4,3,3,63,27,Male,White,Full-Time
297,2,2,2,2,2,2,2,2,1,2,2,2,2,2,2,2,1,,1,1,1,1,1,5,5,257,24,Male,Asian,Full-Time
298,2,3,2,2,1,2,2,2,2,2,1,1,2,2,1,2,2,2,1,2,2,2,2,4,4,143,38,Male,White,Full-Time
299,3,3,2,4,3,2,3,2,2,2,3,2,1,2,3,2,2,2,2,3,3,2,2,3,1,652,27,Female,White,Part-Time
300,3,4,3,2,4,4,3,4,4,3,2,2,3,3,3,3,3,2,2,3,2,3,2,2,3,158,32,Female,Black,Full-Time
301,5,4,2,2,2,1,2,3,4,2,4,5,2,1,5,5,5,2,2,2,2,1,2,5,5,58,29,Female,Mixed,Full-Time
302,2,3,2,2,2,2,1,2,2,2,1,1,2,1,2,2,3,,2,2,2,4,3,3,4,112,36,Female,Black,Full-Time
303,1,2,2,3,2,2,2,2,3,2,2,1,2,2,1,1,1,1,1,1,2,2,2,5,5,126,27,Female,White,Full-Time
304,4,2,4,4,3,4,2,4,4,4,1,2,4,2,3,2,3,2,2,2,2,4,2,5,5,76,28,Male,Other,Full-Time
305,3,1,1,1,1,1,2,1,2,1,1,1,1,1,3,2,1,2,2,2,1,1,1,5,5,132,56,Female,White,Full-Time
306,5,4,4,4,4,3,4,4,4,3,5,5,4,4,5,4,4,4,3,3,4,3,3,1,1,120,53,Female,White,Part-Time
307,2,2,2,2,2,2,2,1,3,3,1,2,2,1,1,1,2,2,2,2,2,2,2,5,5,141,38,Male,White,Full-Time
308,4,3,3,3,2,2,2,3,3,2,,2,2,3,4,2,2,2,3,2,3,3,3,2,4,93,52,Male,White,Part-Time
309,2,3,3,2,2,3,1,3,2,2,2,2,2,3,3,2,2,2,2,3,1,3,2,1,2,442,29,Female,Asian,Full-Time
310,2,3,2,2,2,2,2,2,2,2,2,2,2,2,2,4,4,2,2,2,2,2,2,4,4,124,41,Male,White,Full-Time
311,4,2,2,2,2,1,2,2,2,2,1,1,1,4,2,1,1,1,1,1,1,4,4,4,4,127,34,Female,White,Full-Time
312,3,2,1,1,1,1,2,1,2,1,2,4,2,4,3,3,4,1,2,2,2,2,2,5,5,192,32,Female,White,Full-Time
313,2,2,2,2,3,3,3,3,3,2,2,1,2,2,2,1,2,2,1,2,1,2,2,4,4,115,23,Female,White,Full-Time
314,3,2,2,2,2,3,3,2,3,3,2,2,2,2,5,1,2,4,2,2,2,2,2,4,4,155,34,Male,White,Part-Time
315,1,1,1,1,1,2,1,1,1,1,1,1,1,3,1,1,1,2,1,1,2,1,1,2,1,89,47,Female,White,Full-Time
316,3,2,2,3,2,4,3,3,4,4,2,2,3,2,4,1,2,1,2,2,2,2,1,5,5,114,35,Male,White,Full-Time
317,3,2,2,1,1,1,1,2,2,1,1,1,1,1,3,2,3,1,4,4,4,5,5,2,5,319,49,Female,White,Part-Time
318,2,1,1,1,1,1,1,1,1,1,1,1,1,1,2,1,1,1,1,1,1,2,1,4,4,102,33,Male,Asian,Full-Time
319,4,1,1,1,1,1,2,2,2,2,1,1,1,1,2,1,2,1,1,1,1,1,1,5,5,96,25,Female,White,Full-Time
320,4,2,2,2,1,1,3,1,2,3,2,3,2,3,1,1,1,1,1,1,1,1,2,5,3,109,22,Female,White,Full-Time
321,3,2,1,2,2,2,1,2,2,2,3,2,2,2,3,2,3,1,1,2,3,2,2,2,3,119,54,Female,White,Part-Time
322,2,5,5,3,3,4,5,5,5,5,3,4,5,5,5,5,5,2,4,2,1,2,2,2,1,164,47,Female,White,Full-Time
323,4,2,1,2,2,2,2,2,3,2,3,4,4,4,3,2,3,2,2,3,2,3,3,2,3,128,36,Male,White,Full-Time
324,4,2,2,2,2,2,2,2,2,3,2,1,2,2,2,2,2,2,2,2,2,2,2,4,4,283,31,Female,White,Full-Time
325,2,2,2,2,2,2,3,2,3,2,4,2,2,3,3,3,3,3,2,3,2,2,2,4,4,94,49,Male,White,Full-Time
326,1,3,5,5,5,5,3,3,5,5,2,1,5,5,4,2,2,5,5,5,5,5,5,5,4,85,23,Male,White,Full-Time
327,2,5,4,4,4,2,4,4,5,2,3,2,4,2,4,4,4,4,2,2,2,5,4,1,2,74,39,Male,Mixed,Full-Time
328,4,4,4,5,4,3,5,4,4,4,2,4,4,2,4,5,5,4,2,2,4,4,4,1,1,222,37,Female,White,Full-Time
329,2,2,2,2,2,2,2,2,2,2,2,1,1,2,2,1,2,1,1,2,2,2,2,3,3,112,24,Male,White,Full-Time
330,2,4,4,5,5,3,3,3,4,5,2,1,2,1,4,1,2,3,2,2,1,2,2,4,3,145,33,Female,White,Part-Time
331,3,4,2,2,2,2,2,2,2,2,2,4,2,2,4,4,4,1,2,3,3,3,3,3,2,122,21,Male,White,Full-Time
332,4,4,3,2,2,2,4,3,4,2,4,4,2,5,5,3,4,5,2,2,1,2,2,1,4,274,56,Female,White,Full-Time
333,3,2,2,2,2,1,1,1,1,1,1,1,1,4,2,2,1,1,2,2,2,2,2,5,5,78,36,Male,White,Full-Time
334,3,3,3,3,3,3,4,3,3,3,3,3,3,3,3,3,3,4,3,3,3,3,3,3,2,175,42,Male,White,Full-Time
335,3,4,4,4,4,4,4,4,4,4,4,2,4,4,4,2,2,3,2,2,2,3,3,3,4,79,32,Male,White,Full-Time
336,2,5,5,5,5,5,5,5,5,5,4,2,5,4,5,4,3,2,1,3,1,3,2,1,2,180,40,Male,White,Full-Time
337,2,3,3,2,2,2,3,3,3,2,2,2,3,3,4,2,4,2,2,2,4,2,4,3,1,128,21,Male,Mixed,Part-Time
338,2,2,2,2,2,2,2,2,2,2,2,2,2,2,2,2,2,2,2,2,2,2,3,2,4,143,31,Male,White,Full-Time
339,2,3,2,4,3,3,2,4,2,4,2,2,3,4,3,2,2,2,2,2,2,2,2,4,3,68,26,Male,White,Part-Time
340,4,3,4,2,2,2,2,2,3,1,2,2,2,2,2,2,2,2,2,2,2,2,2,2,2,93,21,Female,White,Part-Time
341,1,2,2,2,1,2,2,2,2,1,4,4,3,1,3,3,4,1,1,1,1,1,1,5,5,100,19,Male,Asian,Part-Time
342,1,2,2,3,1,1,2,1,2,1,2,1,1,2,3,2,2,2,2,3,2,3,2,4,5,206,51,Male,White,Full-Time
343,3,4,4,5,4,3,4,4,4,4,2,2,4,4,2,2,2,2,2,2,2,3,2,2,4,113,43,Female,White,Full-Time
344,2,2,2,3,2,2,3,2,3,3,2,2,2,2,1,1,2,2,1,1,1,2,2,4,4,109,42,Male,White,Full-Time
345,4,2,2,2,2,2,2,2,2,4,2,2,4,2,2,2,2,2,3,3,2,3,3,5,5,133,55,Female,White,Part-Time
346,2,2,2,2,2,3,3,2,3,3,3,2,3,2,1,1,2,2,2,3,3,3,2,3,3,289,41,Female,Mixed,Full-Time
347,4,4,4,3,,4,3,3,3,3,3,3,3,3,5,3,4,4,3,3,3,4,5,1,1,91,24,Male,Asian,Full-Time
348,1,3,3,3,3,2,2,2,2,2,2,1,1,3,2,1,2,4,3,4,4,4,3,1,1,187,49,Female,White,Full-Time
349,4,3,2,2,2,2,3,3,4,2,3,1,2,2,4,3,5,4,4,5,4,4,3,4,3,84,23,Female,White,Full-Time
350,3,2,1,2,1,1,2,2,1,1,4,1,2,2,1,1,2,1,2,,1,3,4,4,4,347,26,Male,Asian,Full-Time
351,2,2,2,2,2,2,2,2,2,2,2,1,2,2,2,2,2,2,2,3,2,4,2,5,5,135,25,Female,Black,Full-Time
352,3,2,2,4,2,4,4,3,5,3,1,1,4,2,2,2,2,1,2,3,2,2,2,4,2,184,66,Female,White,Part-Time
353,3,4,4,4,2,3,2,4,2,4,5,2,2,4,4,2,4,1,2,2,2,3,2,2,2,126,29,Female,White,Full-Time
354,4,2,2,2,2,2,1,3,2,2,2,2,3,2,2,2,2,2,2,2,2,2,2,2,2,99,29,Male,Black,Full-Time
355,2,3,2,4,4,4,2,4,2,4,1,1,1,1,1,1,1,1,1,1,1,1,1,1,5,80,39,Male,White,Full-Time
356,2,1,2,2,1,1,2,1,2,1,1,1,1,1,1,1,1,1,2,2,2,2,2,5,5,101,24,Male,White,Full-Time
357,4,2,1,2,1,1,2,2,2,2,2,1,1,2,2,1,1,2,2,2,2,2,2,,4,272,49,Female,White,Part-Time
358,3,4,2,2,2,2,2,2,2,2,3,2,4,2,4,4,4,2,4,3,2,2,2,2,2,67,29,Female,White,Full-Time
359,4,5,5,5,5,5,5,5,5,5,5,5,5,2,4,4,5,2,2,2,2,4,4,2,1,150,47,Male,White,Full-Time
360,3,3,3,3,4,3,3,4,4,3,2,2,3,4,2,2,2,3,2,3,2,3,3,4,4,67,30,Male,White,Full-Time
361,3,3,4,5,2,3,4,4,4,4,5,4,3,2,4,5,5,2,3,2,2,4,1,5,5,114,24,Female,Other,Part-Time
362,3,2,2,2,2,2,3,2,2,2,1,1,2,5,4,2,3,5,2,2,2,2,1,4,5,114,29,Male,White,Full-Time
363,1,2,3,3,2,3,3,4,4,2,2,3,2,3,2,2,2,2,2,2,3,3,2,4,4,112,61,Female,White,Full-Time
364,2,3,2,4,5,4,2,4,4,5,4,1,4,5,2,2,2,2,2,1,2,4,3,4,4,181,33,Male,White,Full-Time
365,3,1,1,1,1,1,1,1,1,1,1,1,1,3,1,1,1,2,2,3,2,4,3,4,4,183,50,Male,White,Full-Time
366,3,2,4,2,1,4,4,2,5,4,3,1,3,4,2,1,1,2,2,4,4,2,2,5,4,161,46,Male,Black,Full-Time
367,2,2,1,2,2,5,1,2,2,5,1,2,5,1,2,1,1,4,1,1,1,1,1,5,5,214,27,Female,Mixed,Full-Time
368,3,4,4,4,4,3,4,4,4,3,4,3,4,4,4,4,4,2,4,3,4,4,3,2,2,137,19,Male,Asian,Part-Time
369,2,2,1,1,1,1,1,1,1,1,2,1,2,1,1,1,1,2,1,1,1,1,1,3,3,79,26,Female,White,Full-Time
370,3,1,2,3,2,1,3,2,2,2,1,1,2,3,2,1,2,2,1,2,2,3,2,5,5,163,24,Male,Asian,Full-Time
371,2,2,3,2,3,2,2,2,2,2,2,2,2,2,4,2,2,3,2,3,3,2,2,4,4,445,48,Male,Black,Full-Time
372,1,2,3,1,2,2,2,4,4,5,2,1,4,3,2,2,1,2,3,3,3,2,2,4,4,69,23,Male,White,Full-Time
373,3,2,2,2,2,2,3,2,3,2,2,2,2,2,3,3,2,2,2,2,2,2,2,4,4,423,62,Female,White,Full-Time
374,4,4,4,4,3,4,4,4,4,4,2,2,4,2,4,2,2,2,1,3,1,2,2,2,2,147,31,Male,White,Full-Time
375,3,4,4,4,4,3,4,5,4,4,2,1,2,2,2,2,4,4,2,3,2,4,4,2,2,88,25,Male,White,Full-Time
376,3,5,2,4,4,4,4,4,4,2,5,5,4,5,5,4,4,2,1,2,1,2,2,5,5,163,30,Female,White,Full-Time
377,3,3,3,3,2,1,3,2,3,1,3,2,1,3,2,2,3,2,3,2,3,2,3,3,3,151,23,Male,White,Full-Time
378,2,3,4,3,2,2,4,3,4,2,1,2,3,2,2,3,4,2,2,3,2,2,2,5,5,103,30,Female,White,Full-Time
379,4,2,1,3,2,2,3,2,2,1,2,1,2,4,2,1,2,2,1,2,2,3,2,5,5,239,55,Male,White,Full-Time
380,3,2,2,2,2,1,3,2,2,2,1,2,2,1,3,2,2,1,2,1,2,1,2,4,4,95,25,Male,Other,Part-Time
381,2,1,1,2,1,1,2,2,3,1,1,1,2,1,1,1,1,1,1,3,1,2,1,5,5,85,37,Male,White,Full-Time
382,3,4,3,3,4,4,2,2,5,5,2,5,5,1,4,5,5,1,2,2,2,2,2,1,4,346,35,Female,Mixed,Part-Time
383,3,4,4,4,2,2,2,2,4,2,2,2,4,2,5,5,5,5,5,5,5,5,5,1,1,96,36,Male,White,Full-Time
384,1,1,1,1,1,1,3,1,2,1,1,2,1,3,4,1,2,1,1,3,1,2,1,5,5,65,22,Female,Asian,Full-Time
385,3,4,4,2,4,3,3,3,3,3,3,3,4,3,3,3,3,3,2,2,2,3,2,1,1,125,29,Male,White,Full-Time
386,2,4,4,4,4,2,4,4,4,3,2,2,3,2,4,4,4,2,2,2,2,3,2,1,1,269,36,Male,White,Full-Time
387,1,1,1,1,1,1,1,1,1,1,1,1,1,1,1,1,1,1,3,2,2,2,2,3,4,162,31,Female,White,Full-Time
388,2,3,3,3,3,2,2,3,4,2,2,2,3,5,3,1,3,2,2,4,2,4,,4,4,112,34,Female,White,Full-Time
389,4,2,4,2,2,4,4,4,4,2,3,2,2,5,1,1,1,1,4,4,4,4,4,1,1,404,27,Male,White,Full-Time
390,3,5,1,3,2,4,3,3,3,4,3,3,5,1,4,4,5,3,3,4,2,4,3,5,5,75,38,Male,White,Full-Time
391,4,2,1,1,1,1,2,1,3,1,1,2,2,2,2,1,1,2,2,,2,2,2,4,3,69,22,Female,White,Full-Time
392,2,2,4,5,,2,4,3,5,3,3,4,1,2,5,4,4,2,2,4,3,5,4,4,4,154,46,Female,White,Full-Time
393,3,3,4,4,3,4,4,3,4,4,2,2,4,2,4,3,4,4,2,2,2,3,2,4,4,129,28,Female,Asian,Part-Time
394,4,2,2,2,2,2,1,2,3,2,1,1,3,2,2,2,3,2,2,2,2,2,2,4,4,71,32,Male,White,Full-Time
395,3,3,2,3,2,3,4,2,2,2,3,2,3,4,3,1,2,1,3,4,3,4,4,5,5,584,36,Male,Asian,Full-Time
396,2,1,5,5,5,5,5,5,5,5,1,1,5,5,1,2,1,1,2,2,5,5,5,1,4,202,35,Female,White,Full-Time
397,3,1,2,2,1,1,1,2,2,2,2,1,2,2,1,1,1,1,2,3,2,1,1,4,5,169,53,Female,White,Part-Time
398,2,3,4,5,4,3,5,4,5,5,2,3,4,2,3,3,3,2,3,3,3,3,3,4,4,95,57,Male,White,Full-Time
399,2,2,2,2,1,3,,3,3,2,1,1,3,1,1,1,1,1,2,1,1,1,1,2,4,96,42,Male,White,Full-Time
400,3,2,2,2,1,2,2,1,2,2,1,1,3,1,1,2,2,4,1,2,2,2,1,5,5,125,39,Male,White,Full-Time
401,3,2,2,2,2,2,2,2,2,2,3,3,3,3,2,2,2,2,2,2,2,2,2,5,5,229,34,Male,White,Full-Time
402,1,1,1,1,1,2,2,2,2,2,2,2,2,2,2,1,2,2,2,2,2,2,2,5,5,127,49,Male,White,Full-Time
403,5,3,2,2,2,2,2,2,2,2,3,4,4,3,3,2,4,1,2,3,4,4,4,5,5,60,32,Male,White,Full-Time
404,5,5,5,5,5,5,5,5,5,5,1,1,5,1,5,5,5,5,1,4,2,3,2,5,5,153,33,Male,White,Full-Time
405,1,3,3,4,3,2,3,3,2,2,3,2,3,2,5,2,4,5,2,2,1,4,4,1,1,318,48,Male,White,Full-Time
406,4,2,2,3,2,2,1,2,2,2,4,1,3,5,3,2,2,1,1,1,1,1,1,5,5,157,73,Female,White,Part-Time
407,4,3,3,2,2,3,2,4,2,3,4,1,2,2,3,2,2,2,2,2,2,2,2,4,3,204,66,Male,White,Part-Time
408,1,3,1,1,1,1,1,1,1,1,1,2,3,1,2,2,2,5,1,3,1,2,2,2,5,102,25,Female,White,Full-Time
409,2,4,2,4,2,4,4,2,2,2,2,2,2,2,4,4,4,2,4,2,2,2,2,2,4,88,28,Male,White,Full-Time
410,2,4,4,3,3,4,3,4,4,4,3,4,4,2,4,4,4,2,3,2,2,4,3,3,1,111,37,Male,White,Full-Time
411,1,3,3,1,1,2,1,2,3,4,2,1,1,2,1,1,1,1,2,3,1,1,1,3,3,94,33,Female,White,Part-Time
412,1,2,1,3,2,3,2,2,4,2,2,1,2,2,3,2,1,3,2,2,2,3,2,2,4,96,30,Male,White,Full-Time
413,2,4,4,4,4,4,5,5,5,5,2,5,5,1,5,3,5,4,3,2,1,2,2,5,5,96,47,Female,White,Full-Time
414,3,2,2,3,2,1,2,2,3,1,3,1,2,3,2,2,2,2,2,2,2,2,2,5,4,89,21,Male,White,Part-Time
415,3,2,2,2,2,3,2,2,2,3,2,2,2,2,1,1,1,1,3,3,2,3,3,2,2,142,30,Female,White,Full-Time
416,4,3,2,4,4,2,2,4,4,3,3,2,4,2,4,5,5,1,4,3,3,2,2,4,4,121,24,Prefer not to say,White,Full-Time
417,3,1,1,1,1,2,1,1,1,2,1,1,3,1,1,1,1,1,1,1,1,1,1,4,4,175,19,Female,Black,Part-Time
418,1,2,2,2,2,1,3,2,2,2,2,1,2,2,3,1,2,2,2,2,2,1,2,5,5,199,54,Male,White,Part-Time
419,3,5,4,4,4,3,3,4,4,4,3,4,4,4,3,4,4,2,2,4,3,4,4,4,4,117,30,Male,Other,Full-Time
420,4,2,2,1,2,2,3,2,3,1,4,2,2,3,4,4,4,1,3,4,3,4,3,2,3,97,46,Female,White,Part-Time
421,3,2,2,2,2,2,2,2,4,3,2,2,2,2,2,2,2,2,2,2,2,2,2,4,4,114,21,Male,White,Part-Time
422,3,2,2,2,2,2,3,2,3,2,1,2,2,2,1,2,2,1,3,3,2,2,2,5,5,159,52,Female,White,Part-Time
423,4,3,2,2,2,2,2,3,3,2,2,2,3,3,2,2,3,2,2,2,2,2,2,3,4,157,30,Female,White,Full-Time
424,3,3,3,4,4,4,4,4,4,4,3,2,4,2,4,2,2,2,2,2,2,3,2,4,4,255,31,Male,White,Full-Time
425,2,2,1,2,2,1,1,2,2,2,1,1,2,3,1,2,2,1,2,2,2,2,1,3,3,68,27,Female,White,Part-Time
426,4,3,2,2,2,2,2,2,2,2,2,3,2,2,4,2,2,2,2,2,4,2,2,4,3,97,30,Male,White,Full-Time
427,1,2,2,2,2,2,2,2,2,2,2,2,2,2,2,1,1,2,2,2,2,2,2,2,4,225,38,Female,Mixed,Full-Time
428,2,3,2,2,3,4,2,3,3,4,2,1,4,3,2,2,2,1,2,2,2,2,2,3,4,197,68,Female,White,Part-Time
429,2,2,2,2,2,2,3,,2,2,3,2,2,3,3,1,2,2,2,2,3,2,2,5,5,113,53,Female,White,Part-Time
430,3,1,1,1,1,1,1,1,1,2,3,2,2,2,2,2,2,1,2,2,2,2,2,5,5,115,46,Male,White,Full-Time
431,3,3,2,2,2,2,2,3,2,2,1,1,2,1,3,5,4,5,2,2,3,2,1,5,5,177,20,Female,White,Part-Time
432,4,2,2,2,1,1,2,1,3,2,3,2,2,2,2,1,2,2,2,2,2,2,2,4,5,129,41,Female,White,Full-Time
433,5,1,1,1,1,1,2,1,1,2,1,1,2,1,1,1,1,1,1,1,2,1,1,5,5,93,21,Female,Asian,Part-Time
434,3,2,2,2,2,1,2,2,2,1,4,1,1,4,4,3,2,2,2,4,2,2,2,5,5,353,32,Female,White,Full-Time
435,2,3,2,2,2,1,3,2,3,2,2,4,4,2,2,2,3,2,4,4,3,5,4,3,3,130,25,Male,White,Part-Time
436,3,3,3,3,3,3,3,3,3,3,3,3,3,3,3,3,3,3,2,3,3,2,2,4,4,153,61,Female,White,Part-Time
437,3,3,2,2,2,3,2,2,2,2,2,2,2,2,2,2,2,2,2,2,2,2,2,2,2,442,25,Male,White,Full-Time
438,1,2,2,2,2,2,3,2,3,2,1,1,2,4,1,1,1,3,4,3,4,5,4,3,2,94,52,Male,White,Full-Time
439,2,3,4,3,2,2,4,3,3,3,4,3,4,3,3,3,4,3,4,4,4,4,4,4,4,626,26,Male,Asian,Full-Time
440,3,2,2,2,2,2,2,2,2,2,2,2,2,2,4,2,2,2,2,3,2,2,2,4,4,98,29,Male,Other,Part-Time
441,3,3,4,4,4,3,4,3,4,3,2,1,3,2,4,4,3,5,1,3,3,4,3,5,5,66,42,Female,White,Full-Time
442,3,2,2,2,2,1,2,2,3,2,2,2,2,3,3,2,2,2,2,3,2,3,2,5,5,81,50,Male,White,Full-Time
443,2,3,3,3,2,3,3,3,4,3,2,2,3,2,2,1,1,2,2,3,2,3,3,4,4,254,56,Female,White,Full-Time
444,2,2,1,2,1,1,2,2,2,1,1,1,2,4,2,1,1,1,1,1,1,1,1,5,5,157,38,Male,White,Full-Time
445,3,2,2,2,2,2,2,2,2,2,2,2,2,2,2,2,2,2,2,2,2,2,2,4,4,108,46,Male,White,Full-Time
446,1,1,1,1,1,1,1,1,1,1,1,1,1,1,1,1,1,1,1,1,1,1,1,1,5,142,42,Female,Asian,Full-Time
447,3,1,2,1,1,1,2,2,3,3,2,1,2,1,3,1,2,2,2,2,1,3,3,5,5,92,46,Female,White,Full-Time
448,3,3,2,3,3,3,4,3,3,4,4,4,4,2,4,4,4,2,4,2,2,2,3,4,4,112,52,Male,White,Full-Time
449,3,4,4,4,4,3,5,4,5,4,4,4,4,2,4,3,4,3,2,3,2,4,4,5,5,235,31,Male,White,Full-Time
450,4,2,2,2,2,2,1,1,2,2,1,3,2,1,3,2,2,2,4,3,4,4,5,3,4,91,40,Male,Other,Full-Time
451,3,4,4,4,4,3,4,4,4,3,3,4,4,2,4,3,4,4,4,4,4,3,3,2,2,78,39,Female,White,Full-Time
,,,,,,,,,,,,,,,,,,,,,,,,,,,,,,
,,,,,,,,,,,,,,,,,,,,,,,,,,,,,,
,,,,,,,,,,,,,,,,,,,,,,,,,,,,,,
,,,,,,,,,,,,,,,,,,,,,,,,,,,,,,
,,,,,,,,,,,,,,,,,,,,,,,,,,,,,,
,,,,,,,,,,,,,,,,,,,,,,,,,,,,,,
,,,,,,,,,,,,,,,,,,,,,,,,,,,,,,
,,,,,,,,,,,,,,,,,,,,,,,,,,,,,,
,,,,,,,,,,,,,,,,,,,,,,,,,,,,,,
,,,,,,,,,,,,,,,,,,,,,,,,,,,,,,
